{
  "id": "3995741",
  "name": "no name",
  "font_family": "iconfont",
  "css_prefix_text": "icon-",
  "description": "",
  "glyphs": [
    {
      "icon_id": "1306",
      "name": "购物车空",
      "font_class": "gouwuchekong",
      "unicode": "e600",
      "unicode_decimal": 58880
    },
    {
      "icon_id": "630085",
      "name": "向上箭头",
      "font_class": "xiangshangjiantou",
      "unicode": "e65d",
      "unicode_decimal": 58973
    },
    {
      "icon_id": "630092",
      "name": "向下箭头",
      "font_class": "xiangxiajiantou",
      "unicode": "e65e",
      "unicode_decimal": 58974
    },
    {
      "icon_id": "630094",
      "name": "向右箭头",
      "font_class": "xiangyoujiantou",
      "unicode": "e65f",
      "unicode_decimal": 58975
    },
    {
      "icon_id": "630095",
      "name": "向左箭头",
      "font_class": "xiangzuojiantou",
      "unicode": "e660",
      "unicode_decimal": 58976
    },
    {
      "icon_id": "34833976",
      "name": "编辑",
      "font_class": "bianji1",
      "unicode": "e60b",
      "unicode_decimal": 58891
    },
    {
      "icon_id": "34882661",
      "name": "发票",
      "font_class": "fapiao",
      "unicode": "10116",
      "unicode_decimal": 65814
    },
    {
      "icon_id": "34882662",
      "name": "安全",
      "font_class": "anquan",
      "unicode": "10117",
      "unicode_decimal": 65815
    },
    {
      "icon_id": "34882663",
      "name": "会员",
      "font_class": "huiyuan",
      "unicode": "10118",
      "unicode_decimal": 65816
    },
    {
      "icon_id": "34882664",
      "name": "报告",
      "font_class": "baogao",
      "unicode": "10119",
      "unicode_decimal": 65817
    },
    {
      "icon_id": "34882665",
      "name": "订单",
      "font_class": "dingdan",
      "unicode": "1011a",
      "unicode_decimal": 65818
    },
    {
      "icon_id": "34882666",
      "name": "监控",
      "font_class": "jiankong",
      "unicode": "1011b",
      "unicode_decimal": 65819
    },
    {
      "icon_id": "34882667",
      "name": "发送",
      "font_class": "fasong",
      "unicode": "1011c",
      "unicode_decimal": 65820
    },
    {
      "icon_id": "34882668",
      "name": "扫码",
      "font_class": "saoma",
      "unicode": "1011d",
      "unicode_decimal": 65821
    },
    {
      "icon_id": "34882669",
      "name": "编辑",
      "font_class": "bianji",
      "unicode": "1011e",
      "unicode_decimal": 65822
    },
    {
      "icon_id": "34882670",
      "name": "地址",
      "font_class": "dizhi",
      "unicode": "1011f",
      "unicode_decimal": 65823
    },
    {
      "icon_id": "34882671",
      "name": "录制",
      "font_class": "luzhi",
      "unicode": "10120",
      "unicode_decimal": 65824
    },
    {
      "icon_id": "34882672",
      "name": "数据",
      "font_class": "shuju",
      "unicode": "10121",
      "unicode_decimal": 65825
    },
    {
      "icon_id": "34882673",
      "name": "视频",
      "font_class": "shipin",
      "unicode": "10122",
      "unicode_decimal": 65826
    },
    {
      "icon_id": "34882674",
      "name": "设置",
      "font_class": "shezhi",
      "unicode": "10123",
      "unicode_decimal": 65827
    },
    {
      "icon_id": "34882675",
      "name": "空间",
      "font_class": "kongjian",
      "unicode": "10124",
      "unicode_decimal": 65828
    },
    {
      "icon_id": "34882676",
      "name": "小程序",
      "font_class": "xiaochengxu",
      "unicode": "10125",
      "unicode_decimal": 65829
    },
    {
      "icon_id": "34882677",
      "name": "优惠券",
      "font_class": "youhuiquan",
      "unicode": "10126",
      "unicode_decimal": 65830
    },
    {
      "icon_id": "34882678",
      "name": "下载",
      "font_class": "xiazai",
      "unicode": "10127",
      "unicode_decimal": 65831
    },
    {
      "icon_id": "34882679",
      "name": "连拍",
      "font_class": "lianpai",
      "unicode": "10128",
      "unicode_decimal": 65832
    },
    {
      "icon_id": "34882680",
      "name": "照片",
      "font_class": "zhaopian",
      "unicode": "10129",
      "unicode_decimal": 65833
    },
    {
      "icon_id": "34882681",
      "name": "删除",
      "font_class": "shanchu",
      "unicode": "1012a",
      "unicode_decimal": 65834
    },
    {
      "icon_id": "34882682",
      "name": "说明",
      "font_class": "shuoming",
      "unicode": "1012b",
      "unicode_decimal": 65835
    },
    {
      "icon_id": "34882683",
      "name": "统计",
      "font_class": "tongji",
      "unicode": "1012c",
      "unicode_decimal": 65836
    },
    {
      "icon_id": "34882684",
      "name": "资料",
      "font_class": "ziliao",
      "unicode": "1012d",
      "unicode_decimal": 65837
    },
    {
      "icon_id": "34882685",
      "name": "信息",
      "font_class": "xinxi",
      "unicode": "1012e",
      "unicode_decimal": 65838
    },
    {
      "icon_id": "34882686",
      "name": "应用中心",
      "font_class": "yingyongzhongxin",
      "unicode": "1012f",
      "unicode_decimal": 65839
    }
  ]
}
